City_ID,City,Lat,Lng,Max Temp,Humidity,Cloudiness,Wind Speed,Country,Date
0,longyearbyen,78.2186,15.6401,-7.09,73,75,5.66,SJ,1707326627
1,plettenberg bay,-34.0527,23.3716,20.87,73,11,3.74,ZA,1707326628
2,petropavlovsk-kamchatsky,53.0452,158.6483,-7.53,76,75,3.0,RU,1707326629
3,college,64.8569,-147.8028,-14.5,79,75,0.0,US,1707326629
4,adamstown,-25.066,-130.1015,24.74,87,100,5.06,PN,1707326630
5,hawaiian paradise park,19.5933,-154.9731,18.35,93,75,3.6,US,1707326632
6,porto novo,6.4965,2.6036,30.9,28,11,3.66,BJ,1707326632
7,codrington,-38.2667,141.9667,10.84,89,21,3.07,AU,1707326633
8,grytviken,-54.2811,-36.5092,11.32,83,88,6.11,GS,1707326634
9,waitangi,-43.9535,-176.5597,16.57,96,95,2.15,NZ,1707326635
10,badger,64.8,-147.5333,-14.55,75,20,0.0,US,1707326636
11,bu'aale,1.0833,42.5833,29.69,58,16,6.21,SO,1707326637
12,carauari,-4.8828,-66.8958,29.28,78,99,0.89,BR,1707326638
13,kodiak,57.79,-152.4072,0.73,80,0,6.17,US,1707326486
14,port-aux-francais,-49.35,70.2167,4.17,96,95,11.21,TF,1707326639
15,parsons,37.3403,-95.2611,15.93,57,100,8.23,US,1707326576
16,isafjordur,66.0755,-23.124,-2.98,68,75,2.06,IS,1707326641
17,sao felix do xingu,-6.6447,-51.995,32.64,54,41,1.91,BR,1707326642
18,weno,7.4515,151.8468,26.97,78,75,4.12,FM,1707326643
19,arendal,58.4615,8.7725,-2.11,70,26,2.64,NO,1707326643
20,bilibino,68.0546,166.4372,-33.82,100,100,0.45,RU,1707326644
21,st. john's,47.5649,-52.7093,0.08,86,75,8.94,CA,1707326443
22,horta,38.5333,-28.6333,16.12,94,75,8.75,PT,1707326646
23,berdigestyakh,62.0989,126.6992,-33.97,100,97,1.14,RU,1707326647
24,chunskiy,56.0815,99.6342,-19.62,100,91,0.83,RU,1707326647
25,new castle,41.0037,-80.347,9.67,39,0,2.06,US,1707326648
26,hermanus,-34.4187,19.2345,22.11,74,2,6.9,ZA,1707326650
27,severo-yeniseyskiy,60.3725,93.0408,-12.46,99,91,1.34,RU,1707326651
28,tidjikja,18.5564,-11.4271,30.65,6,0,5.45,MR,1707326652
29,bredasdorp,-34.5322,20.0403,22.5,57,2,8.85,ZA,1707326653
30,peace river,56.2501,-117.286,-6.83,94,100,1.54,CA,1707326653
31,marsh harbour,26.5412,-77.0636,20.95,60,89,11.42,BS,1707326654
32,kashgar,39.4547,75.9797,-1.44,69,20,1.0,CN,1707326655
33,san antonio oeste,-40.7319,-64.9477,24.28,42,43,10.0,AR,1707326656
34,jiuquan,39.7432,98.5174,-6.25,70,1,1.12,CN,1707326657
35,wailua homesteads,22.0669,-159.378,22.44,75,100,7.72,US,1707326657
36,aasiaat,68.7098,-52.8699,-8.63,92,100,9.38,GL,1707326658
37,khandyga,62.6667,135.6,-44.29,100,66,0.78,RU,1707326659
38,fort mcmurray,56.7268,-111.381,-8.23,79,100,1.54,CA,1707326599
39,olonkinbyen,70.9221,-8.7187,-2.49,65,72,8.99,SJ,1707326661
40,bethel,41.3712,-73.414,7.32,53,0,2.57,US,1707326662
41,jamestown,42.097,-79.2353,6.68,53,0,2.57,US,1707326663
42,edinburgh of the seven seas,-37.0676,-12.3116,17.43,62,41,1.78,SH,1707326664
43,es castell,39.8795,4.2854,14.38,77,0,1.54,ES,1707326664
44,al jawf,29.5,38.75,13.39,51,0,3.37,SA,1707326665
45,saipan,15.1355,145.701,24.39,78,75,2.57,MP,1707326666
46,port mathurin,-19.6833,63.4167,27.15,75,28,8.24,MU,1707326667
47,stanley,54.868,-1.6985,2.77,80,100,3.0,GB,1707326544
48,quang ngai,15.1167,108.8,22.6,94,2,1.95,VN,1707326669
49,flying fish cove,-10.4217,105.6791,25.82,88,40,2.06,CX,1707326670
50,puerto ayora,-0.7393,-90.3518,31.98,76,68,5.1,EC,1707326671
51,hithadhoo,-0.6,73.0833,28.17,75,23,3.77,MV,1707326672
52,neiafu,-18.65,-173.9833,24.38,94,20,0.0,TO,1707326673
53,change,47.985,0.2833,12.98,94,100,5.14,FR,1707326674
54,margaret river,-33.95,115.0667,18.0,56,0,4.07,AU,1707326674
55,mata-utu,-13.2816,-176.1745,26.61,89,100,7.72,WF,1707326675
56,haiku-pauwela,20.9219,-156.3051,21.69,76,20,8.75,US,1707326676
57,mingshui,36.7167,117.5,-1.06,63,100,1.25,CN,1707326677
58,lebu,-37.6167,-73.65,17.32,67,100,7.65,CL,1707326678
59,tazovsky,67.4667,78.7,-18.05,100,99,4.0,RU,1707326678
60,tadine,-21.55,167.8833,25.12,71,100,7.66,NC,1707326679
61,muncar,-8.4333,114.3333,25.19,90,86,1.6,ID,1707326680
62,avarua,-21.2078,-159.775,27.03,78,20,6.69,CK,1707326681
63,vila franca do campo,37.7167,-25.4333,18.23,96,100,9.14,PT,1707326682
64,yellowknife,62.456,-114.3525,-17.55,84,75,3.58,CA,1707326682
65,albany,42.6001,-73.9662,4.89,57,49,0.89,US,1707326475
66,korla,41.7597,86.1469,-4.24,75,11,1.48,CN,1707326684
67,uturoa,-16.7333,-151.4333,28.57,86,100,14.48,PF,1707326685
68,gracemere,-23.4333,150.45,24.95,78,40,2.57,AU,1707326685
69,bikenibeu village,1.3673,173.1241,27.98,100,40,3.6,KI,1707326686
70,north bend,43.4065,-124.2243,6.62,100,100,6.17,US,1707326555
71,luderitz,-26.6481,15.1594,21.71,64,73,9.12,NA,1707326687
72,lihue,21.9789,-159.3672,22.77,75,100,7.72,US,1707326616
73,coyuca de catalan,18.3333,-100.65,29.86,47,1,0.53,MX,1707326689
74,pechora,65.1472,57.2244,-12.86,94,100,3.13,RU,1707326690
75,atafu village,-8.5421,-172.5159,29.08,75,100,8.89,TK,1707326690
76,guangshui,31.6199,113.9978,-1.11,90,100,2.05,CN,1707326691
77,zaraza,9.3503,-65.3245,32.62,49,77,1.7,VE,1707326692
78,alice springs,-23.7,133.8833,24.75,26,18,5.14,AU,1707326550
79,enewetak,11.3474,162.3373,26.66,80,100,9.7,MH,1707326693
80,ujae,8.9322,165.7642,27.04,79,99,10.75,MH,1707326694
81,blackmans bay,-43.0167,147.3167,15.07,69,85,0.87,AU,1707326695
82,merizo village,13.2658,144.6691,24.85,84,100,6.99,GU,1707326695
83,ballina,-28.8667,153.5667,20.43,89,74,7.25,AU,1707326480
84,georgetown,5.4112,100.3354,27.75,91,20,2.57,MY,1707326697
85,kuytun,54.3419,101.5036,-21.24,100,59,0.73,RU,1707326698
86,alofi,-19.0595,-169.9187,24.94,100,85,1.03,NU,1707326621
87,el granada,37.5027,-122.4694,10.88,88,75,5.66,US,1707326699
88,west island,-12.1568,96.8225,26.99,89,100,1.54,CC,1707326583
89,keflavik,64.0049,-22.5624,-2.76,68,0,2.57,IS,1707326701
90,thunder bay,48.4001,-89.3168,-0.01,100,100,4.63,CA,1707326606
91,birobidzhan,48.8,132.95,-13.43,96,100,1.19,RU,1707326703
92,ilulissat,69.2167,-51.1,-2.99,63,75,6.69,GL,1707326704
93,reggane,26.7158,0.1714,23.15,12,47,2.91,DZ,1707326704
94,ondjiva,-17.0667,15.7333,22.09,84,85,4.32,AO,1707326705
95,ushuaia,-54.8,-68.3,15.79,58,75,12.86,AR,1707326689
96,mossel bay,-34.1831,22.146,21.96,74,7,5.06,ZA,1707326707
97,invercargill,-46.4,168.35,11.68,85,36,2.68,NZ,1707326708
98,kinkala,-4.3614,14.7644,26.73,76,48,1.07,CG,1707326708
99,berezovo,63.9381,65.0419,-1.93,90,100,4.5,RU,1707326709
100,kourou,5.1552,-52.6478,30.03,68,42,4.96,GF,1707326710
101,saint-pierre,-21.3393,55.4781,26.82,83,100,0.51,RE,1707326710
102,bardai,11.65,7.2333,27.77,14,80,5.17,NG,1707326711
103,port elizabeth,-33.918,25.5701,23.39,77,0,5.14,ZA,1707326712
104,tiksi,71.6872,128.8694,-22.42,99,100,2.05,RU,1707326713
105,dalnegorsk,44.5604,135.5701,-13.0,89,98,2.68,RU,1707326714
106,ola,59.5833,151.2833,-25.39,90,75,3.33,RU,1707326714
107,bovalino,38.149,16.174,16.94,61,100,3.26,IT,1707326715
108,pandan,14.0453,124.1694,24.29,85,23,2.57,PH,1707326716
109,rice lake,45.5061,-91.7382,5.36,70,40,4.63,US,1707326717
110,tocopilla,-22.092,-70.1979,25.27,76,6,1.33,CL,1707326675
111,as salamiyah,35.0113,37.0532,11.67,86,1,3.44,SY,1707326718
112,pangody,65.85,74.4859,-3.52,95,98,6.14,RU,1707326719
113,vila velha,-20.3297,-40.2925,28.97,85,40,4.63,BR,1707326720
114,kirakira,-10.4544,161.9205,27.28,82,100,4.09,SB,1707326720
115,tofol,5.3248,163.0078,27.56,75,98,8.17,FM,1707326721
116,puerto baquerizo moreno,-0.9,-89.6,29.55,74,40,6.17,EC,1707326722
117,ma'an,26.9775,110.7211,0.13,95,100,0.95,CN,1707326723
118,hammerfest,70.6634,23.6821,-9.75,79,40,3.6,NO,1707326723
119,timbuktu,16.7735,-3.0074,30.3,6,33,5.71,ML,1707326724
120,qaqortoq,60.7167,-46.0333,-5.68,67,100,2.05,GL,1707326725
121,san luis,-33.295,-66.3356,36.82,23,16,2.78,AR,1707326725
122,andkhoy,36.9529,65.1238,11.85,37,8,4.92,AF,1707326726
123,weatherford,32.7593,-97.7972,16.59,58,86,1.34,US,1707326514
124,shindand,33.3029,62.1474,9.9,22,0,2.95,AF,1707326728
125,east london,-33.0153,27.9116,22.69,65,21,5.3,ZA,1707326631
126,puerto deseado,-47.7503,-65.8938,15.78,43,76,15.86,AR,1707326729
127,kristiansund,63.1115,7.732,-5.64,79,0,1.54,NO,1707326730
128,puerto natales,-51.7236,-72.4875,13.25,47,75,12.35,CL,1707326731
129,lugoff,34.2274,-80.6892,11.11,34,0,0.0,US,1707326732
130,smithers,54.7804,-127.1743,-4.82,93,75,0.0,CA,1707326733
131,dauphin,51.1494,-100.0502,-3.92,100,100,4.12,CA,1707326734
132,milton-freewater,45.9326,-118.3877,6.4,86,100,0.0,US,1707326735
133,kaa-khem,51.6833,94.7333,-29.77,95,34,1.19,RU,1707326735
134,yeraliyev,43.2,51.65,7.53,84,89,5.36,KZ,1707326736
135,sur,22.5667,59.5289,21.39,65,100,1.53,OM,1707326738
136,guanajuato,21.0186,-101.2591,17.44,19,3,2.96,MX,1707326659
137,inirida,3.8653,-67.9239,31.99,63,84,0.32,CO,1707326739
138,iskateley,67.6803,53.1512,-27.21,100,93,1.79,RU,1707326740
139,amungan,15.3652,119.9582,24.32,74,36,1.43,PH,1707326741
140,solnechnyy,50.7214,136.6319,-21.65,99,100,0.64,RU,1707326742
141,al bardiyah,31.7561,25.0865,16.32,59,13,2.66,LY,1707326743
142,arraial do cabo,-22.9661,-42.0278,30.98,66,75,5.66,BR,1707326743
143,sandwip,22.4678,91.4561,23.02,68,0,4.45,BD,1707326744
144,hasaki,35.7333,140.8333,-0.78,50,17,1.84,JP,1707326745
145,amurzet,47.6967,131.0981,-16.11,89,86,3.24,RU,1707326746
146,tarko-sale,64.9225,77.785,-3.63,94,99,6.3,RU,1707326746
147,al bawiti,28.3492,28.8659,16.48,37,0,3.81,EG,1707326747
148,holualoa,19.6228,-155.9522,19.32,77,20,2.57,US,1707326748
149,cockburn town,21.4612,-71.1419,24.48,63,0,12.19,TC,1707326749
150,papatowai,-46.5619,169.4708,9.32,79,43,3.41,NZ,1707326750
151,newman,37.3138,-121.0208,11.24,82,51,3.05,US,1707326750
152,ponnani,10.767,75.9252,26.62,83,3,1.94,IN,1707326751
153,teknaf,20.8624,92.3058,19.69,85,0,4.6,BD,1707326752
154,magumeri,12.1131,12.8274,25.55,21,100,5.37,NG,1707326753
155,sicuani,-14.2694,-71.2261,13.83,59,90,2.65,PE,1707326753
156,santiago de cao,-7.9589,-79.2392,25.07,78,7,5.66,PE,1707326754
157,burang,30.25,81.1667,-16.18,73,13,1.93,CN,1707326755
158,lompoc,34.6391,-120.4579,11.08,60,100,5.14,US,1707326756
159,xilin hot,43.9667,116.0333,-21.87,96,22,2.53,CN,1707326756
160,labrador city,52.9463,-66.9114,-2.68,56,100,0.0,CA,1707326757
161,kuala terengganu,5.3302,103.1408,26.97,89,20,0.0,MY,1707326758
162,anadyr,64.75,177.4833,-17.72,84,100,9.0,RU,1707326759
163,katsuura,35.1333,140.3,7.05,60,53,1.91,JP,1707326760
164,tryavna,42.8667,25.5,9.34,66,88,1.1,BG,1707326761
165,clacton-on-sea,51.7897,1.156,6.23,81,100,2.91,GB,1707326762
166,sitka,57.0531,-135.33,-1.06,80,0,1.54,US,1707326763
167,utrik,11.2278,169.8474,26.36,72,99,10.51,MH,1707326764
168,udachny,66.4167,112.4,-32.62,100,97,1.34,RU,1707326765
169,key west,24.5557,-81.7826,20.0,70,0,7.2,US,1707326766
170,taksimo,56.3444,114.8794,-13.79,97,99,0.98,RU,1707326767
171,kailua-kona,19.6406,-155.9956,21.39,77,20,2.57,US,1707326767
172,maputo,-25.9653,32.5892,27.82,74,20,7.72,MZ,1707326768
173,onega,63.9061,38.1404,-23.81,98,38,1.56,RU,1707326770
174,hovd,48.0056,91.6419,-20.59,95,15,0.33,MN,1707326771
175,palikir - national government center,6.9248,158.1611,26.41,89,100,2.06,FM,1707326771
176,garissa,-0.4536,39.6401,32.71,42,54,3.56,KE,1707326772
177,sabang,5.8933,95.3214,27.83,79,22,4.31,ID,1707326773
178,saint-leu,-21.15,55.2833,27.46,79,98,1.96,RE,1707326774
179,kittila,67.6647,24.8936,-19.1,77,100,1.03,FI,1707326774
180,pitimbu,-7.4706,-34.8086,32.33,66,93,4.51,BR,1707326775
181,grand-bassam,5.2118,-3.7388,30.98,58,8,4.72,CI,1707326776
182,hakui,36.8833,136.7833,2.9,81,99,1.01,JP,1707326777
183,callao,-12.0667,-77.15,30.16,48,0,7.72,PE,1707326778
184,pisco,-13.7,-76.2167,27.23,69,0,4.12,PE,1707326778
185,san patricio,28.017,-97.5169,21.97,62,100,8.19,US,1707326779
186,mammoth lakes,37.6485,-118.9721,-3.14,67,0,2.24,US,1707326780
187,ust-nera,64.5667,143.2,-30.21,99,98,0.82,RU,1707326781
188,nemuro,43.3236,145.575,-6.49,70,15,1.84,JP,1707326781
189,muravlenko,63.7898,74.523,-6.01,95,100,6.28,RU,1707326782
190,port macquarie,-31.4333,152.9167,20.5,88,100,5.97,AU,1707326784
191,san andres,12.5847,-81.7006,28.01,69,20,7.2,CO,1707326785
192,grand baie,-20.0182,57.5802,28.26,83,97,0.45,MU,1707326786
193,tura,25.5198,90.2201,12.91,38,0,0.91,IN,1707326787
194,crane,31.3974,-102.3501,14.86,49,100,8.12,US,1707326788
195,zeya,53.75,127.2667,-18.62,94,12,2.16,RU,1707326789
196,brisas de zicatela,15.8369,-97.0419,28.29,69,0,5.14,MX,1707326790
197,viedma,-40.8135,-62.9967,27.41,31,75,7.64,AR,1707326790
198,bamboo flat,11.7,92.7167,24.05,94,20,1.03,IN,1707326791
199,mitsamiouli,-11.3847,43.2844,28.93,76,92,4.59,KM,1707326792
200,ribeira grande,38.5167,-28.7,16.54,94,75,8.75,PT,1707326796
201,anar darah,32.7587,61.654,11.57,19,0,2.63,AF,1707326797
202,ouargla,31.9493,5.325,21.04,18,0,0.0,DZ,1707326798
203,fort st. john,56.2499,-120.8529,-10.06,79,100,2.06,CA,1707326799
204,popondetta,-8.7537,148.2534,24.01,95,100,1.3,PG,1707326799
205,south tamworth,43.8248,-71.3031,4.08,57,96,1.34,US,1707326800
206,whitehorse,60.7161,-135.0538,-22.88,73,40,1.03,CA,1707326801
207,kiomboi,-4.2667,34.3667,19.44,80,51,2.54,TZ,1707326802
208,furstenberg,53.1833,13.15,1.77,82,98,2.32,DE,1707326803
209,ceylanpinar,36.8472,40.05,12.51,77,87,1.28,TR,1707326804
210,la gi,10.6667,107.7833,23.9,92,98,3.54,VN,1707326805
211,dunedin,-45.8742,170.5036,12.11,91,80,0.45,NZ,1707326806
212,yelizovo,53.1873,158.3805,-6.78,72,75,3.13,RU,1707326806
213,itambe,-15.245,-40.6244,32.34,41,73,2.57,BR,1707326807
214,vorkuta,67.5,64.0,-9.97,90,100,3.8,RU,1707326808
215,nova sintra,14.8667,-24.7167,21.38,73,0,5.54,CV,1707326809
216,thompson,55.7435,-97.8558,-16.91,85,100,1.54,CA,1707326810
217,bahia blanca,-38.7196,-62.2724,29.95,41,100,2.85,AR,1707326811
218,kalmunai,7.4167,81.8167,25.14,73,43,3.39,LK,1707326527
219,ravar,31.2656,56.8055,9.51,19,0,1.75,IR,1707326813
220,nur-sultan,51.1801,71.446,-7.03,86,40,9.0,KZ,1707326814
221,shiwan,22.9969,113.0799,9.93,71,100,4.89,CN,1707326814
222,isla vista,34.4133,-119.861,13.94,76,40,2.06,US,1707326815
223,barcelos,41.5388,-8.6151,16.08,91,100,5.3,PT,1707326816
224,skowhegan,44.7651,-69.7192,3.65,66,98,1.09,US,1707326817
225,luebo,-5.35,21.4167,26.04,74,84,0.74,CD,1707326818
226,san juan de miraflores,-12.1629,-76.9635,29.29,78,58,4.4,PE,1707326819
227,alaghsas,17.0187,8.0168,25.94,11,0,6.17,NE,1707326819
228,grand rapids,42.9634,-85.6681,7.35,70,75,3.09,US,1707326734
229,siler city,35.7235,-79.4622,10.23,38,0,3.6,US,1707326821
230,sretensk,52.2453,117.7093,-23.39,100,81,0.56,RU,1707326822
231,port lincoln,-34.7333,135.8667,16.11,78,81,5.47,AU,1707326823
232,yuksekova,37.5736,44.2872,-9.14,100,40,1.54,TR,1707326824
233,kapuskasing,49.4169,-82.4331,3.0,81,100,1.03,CA,1707326697
234,bubaque,11.2833,-15.8333,26.82,67,3,5.54,GW,1707326825
235,montepuez,-13.1256,38.9997,23.41,95,74,1.58,MZ,1707326826
236,oume,35.7839,139.2431,3.25,86,0,0.0,JP,1707326828
237,fuyuan,46.4333,127.0833,-24.69,100,93,0.98,CN,1707326829
238,port alfred,-33.5906,26.891,20.1,80,7,1.79,ZA,1707326640
239,sinan,34.8262,126.1086,-0.94,66,87,6.74,KR,1707326830
240,castillos,-34.1667,-53.8333,31.08,43,31,4.99,UY,1707326831
241,beli,7.8587,10.9719,34.44,12,55,2.89,NG,1707326832
242,kodinsk,58.6881,99.1844,-12.53,99,96,0.96,RU,1707326832
243,fale old settlement,-9.3852,-171.2468,28.44,82,100,10.2,TK,1707326834
244,cobram,-35.9167,145.65,16.85,57,0,0.94,AU,1707326835
245,klyuchi,52.2667,79.1667,-1.93,72,100,7.17,RU,1707326835
246,akune,32.0167,130.2,8.88,66,99,3.98,JP,1707326836
247,metlili chaamba,32.2667,3.6333,20.52,16,0,2.57,DZ,1707326837
248,nagqu,31.5,92.0,-9.24,28,2,1.62,CN,1707326838
249,ciudad lazaro cardenas,17.9583,-102.2,28.62,54,75,1.65,MX,1707326838
250,hadibu,12.65,54.0333,25.33,69,88,5.46,YE,1707326839
251,gorontalo,0.5412,123.0595,23.88,95,90,1.35,ID,1707326840
252,kerikeri,-35.2268,173.9474,16.62,91,17,1.6,NZ,1707326841
253,grand falls-windsor,48.9332,-55.6649,-3.05,90,76,3.62,CA,1707326841
254,east ballina,-28.8667,153.5833,20.44,88,70,7.45,AU,1707326842
255,ancud,-41.8697,-73.8203,15.45,52,91,5.02,CL,1707326843
256,funafuti,-8.5243,179.1942,28.0,94,100,8.75,TV,1707326844
257,sebdou,34.637,-1.3314,15.61,32,85,3.41,DZ,1707326845
258,nyrob,60.733,56.7202,-4.81,88,100,3.1,RU,1707326845
259,vernon,50.2581,-119.2691,2.64,94,100,0.51,CA,1707326846
260,la ronge,55.1001,-105.2842,-10.86,85,100,3.6,CA,1707326848
261,santana,-0.0583,-51.1817,33.1,62,75,7.2,BR,1707326849
262,khabarovsk vtoroy,48.4431,135.1356,-11.86,92,40,2.0,RU,1707326849
263,touros,-5.1989,-35.4608,30.69,62,30,6.39,BR,1707326635
264,happy valley-goose bay,53.3168,-60.3315,-3.83,42,40,3.6,CA,1707326851
265,semnan,35.5729,53.3971,6.54,52,25,1.37,IR,1707326851
266,mahina,-17.5065,-149.489,28.87,84,75,7.72,PF,1707326852
267,darfo boario terme,45.8835,10.1807,12.12,72,76,0.89,IT,1707326853
268,loiza,18.4313,-65.8802,25.99,85,100,1.54,PR,1707326854
269,bodaybo,57.8506,114.1933,-11.59,98,100,0.37,RU,1707326855
270,san agustin de valle fertil,-30.6335,-67.4682,35.65,28,83,4.91,AR,1707326855
271,papao,-17.75,-149.55,28.82,89,100,14.39,PF,1707326857
272,turhal,40.3875,36.0811,10.95,52,57,2.44,TR,1707326858
273,pointe-noire,-4.7761,11.8635,30.04,79,40,5.66,CG,1707326859
274,axim,4.8699,-2.2405,29.63,55,8,5.23,GH,1707326859
275,hamilton,39.1834,-84.5333,12.35,47,0,2.57,US,1707326200
276,carnarvon,-24.8667,113.6333,26.45,63,56,1.42,AU,1707326861
277,gastouni,37.85,21.25,14.03,82,20,2.06,GR,1707326862
278,aksu,41.1231,80.2644,-3.14,68,85,1.52,CN,1707326862
279,gamba,-2.65,10.0,27.7,82,93,4.45,GA,1707326863
280,srednebelaya,50.6594,128.0106,-14.79,97,52,2.48,RU,1707326864
281,zapala,-38.8992,-70.0544,26.69,19,100,5.46,AR,1707326865
282,ketchikan,55.3422,-131.6461,2.26,69,100,2.06,US,1707326865
283,dryden,49.7833,-92.7503,2.16,87,100,4.12,CA,1707326866
284,beshariq,40.4358,70.6103,7.26,41,100,1.08,UZ,1707326867
285,olinda,-8.0089,-34.8553,31.85,58,40,4.63,BR,1707326868
286,cidreira,-30.1811,-50.2056,25.71,78,92,5.94,BR,1707326869
287,praia da vitoria,38.7333,-27.0667,17.14,82,75,11.79,PT,1707326869
288,piti village,13.4626,144.6933,25.03,79,0,3.6,GU,1707326870
289,arteche,12.2645,125.4048,24.52,82,92,2.92,PH,1707326871
290,urangan,-25.3,152.9,26.39,75,31,8.45,AU,1707326872
291,singapur,1.2897,103.8501,27.02,88,75,3.6,SG,1707326697
292,nan,18.8333,100.6667,20.23,41,0,0.49,TH,1707326873
293,constantia,44.1833,28.65,11.5,66,96,5.44,RO,1707326874
294,iqaluit,63.7506,-68.5145,-20.15,59,75,7.72,CA,1707326875
295,iuna,-20.3458,-41.5358,25.23,78,100,0.92,BR,1707326875
296,le port,-20.9373,55.2919,27.98,82,92,2.26,RE,1707326877
297,panji,-7.7253,114.0995,24.42,90,70,1.97,ID,1707326878
298,wangjing,24.6,94.0333,9.46,88,0,0.42,IN,1707326878
299,antofagasta,-23.65,-70.4,24.6,69,9,4.08,CL,1707326879
300,rio gallegos,-51.6226,-69.2181,15.03,47,75,16.98,AR,1707326880
301,sambir,49.5183,23.1975,7.74,79,100,8.75,UA,1707326832
302,verkhnevilyuysk,63.4453,120.3167,-38.01,100,93,1.38,RU,1707326882
303,champerico,14.3,-91.9167,31.3,57,11,3.26,GT,1707326883
304,banda aceh,5.5577,95.3222,25.78,86,18,3.37,ID,1707326857
305,lorengau,-2.0226,147.2712,26.53,87,100,11.04,PG,1707326885
306,nova vicosa,-17.8919,-39.3719,29.65,64,80,5.23,BR,1707326885
307,fort bragg,35.139,-79.006,10.92,36,0,4.63,US,1707326775
308,richards bay,-28.783,32.0377,25.68,84,21,5.47,ZA,1707326887
309,san rafael,-34.6177,-68.3301,33.22,31,0,3.66,AR,1707326888
310,castanas,13.8822,121.5517,23.79,91,59,2.69,PH,1707326888
311,tsiombe,-25.3,45.4833,22.74,93,78,1.51,MG,1707326889
312,kingston,17.997,-76.7936,26.76,61,20,9.77,JM,1707326890
313,zhezqazghan,47.7833,67.7667,-5.86,89,68,7.51,KZ,1707326890
314,remire-montjoly,4.9167,-52.2667,30.02,70,75,7.72,GF,1707326891
315,ugoofaaru,5.6667,73.0,27.49,73,27,5.04,MV,1707326892
316,puerto quijarro,-17.7833,-57.7667,36.37,36,100,2.35,BO,1707326893
317,nadi,-17.8,177.4167,25.0,88,75,2.57,FJ,1707326894
318,pallattur,10.15,78.8,23.03,79,3,3.74,IN,1707326894
319,akureyri,65.6835,-18.0878,-8.04,93,75,1.03,IS,1707326895
320,acapulco de juarez,16.8634,-99.8901,28.9,54,0,3.09,MX,1707326896
321,dakhla,23.6848,-15.958,22.02,53,0,5.26,EH,1707326896
322,macapa,0.0389,-51.0664,32.99,62,75,7.2,BR,1707326897
323,yanam,16.7333,82.2167,22.4,89,0,1.25,IN,1707326898
324,baruun-urt,46.6806,113.2792,-24.49,100,78,2.03,MN,1707326899
325,mount pearl,47.5166,-52.7813,-0.38,86,75,8.75,CA,1707326900
326,nantucket,41.2835,-70.0995,4.49,70,100,8.23,US,1707326900
327,hisor,38.525,68.5512,3.86,58,98,1.62,TJ,1707326901
328,egilsstadir,65.2653,-14.3948,-6.05,86,75,2.57,IS,1707326902
329,kuta,-8.7233,115.1723,23.97,94,75,2.57,ID,1707326903
330,mahuta,-10.8667,39.45,23.46,97,60,1.96,TZ,1707326903
331,acarau,-2.8856,-40.12,31.62,58,47,8.12,BR,1707326904
332,undurkhaan,47.3194,110.6556,-24.31,98,80,1.33,MN,1707326905
333,kenai,60.5544,-151.2583,-5.97,100,75,1.54,US,1707326906
334,vilyuchinsk,52.9306,158.4028,-6.71,91,100,2.11,RU,1707326907
335,mancio lima,-7.6142,-72.8958,29.04,70,75,1.03,BR,1707326908
336,calbuco,-41.768,-73.1273,17.56,54,94,3.37,CL,1707326909
337,eydhafushi,5.1033,73.0708,27.74,75,30,6.95,MV,1707326910
338,maragogi,-9.0122,-35.2225,30.24,60,100,5.28,BR,1707326910
339,mopti,14.6667,-4.0,33.02,8,0,3.09,ML,1707326911
340,lionel town,17.8101,-77.2406,27.17,41,5,3.97,JM,1707326912
341,amble,55.3333,-1.5833,3.08,65,20,3.09,GB,1707326913
342,kili,5.6439,169.1211,28.05,74,97,10.61,MH,1707326913
343,kwang binh,17.4833,106.6,22.61,94,46,2.16,VN,1707326914
344,ironwood,46.4547,-90.171,6.45,53,0,1.54,US,1707326915
345,farafangana,-22.8167,47.8333,25.76,91,87,7.72,MG,1707326915
346,afaahiti,-17.75,-149.2833,27.93,87,100,12.79,PF,1707326916
347,kone,-21.0595,164.8658,24.65,94,100,1.57,NC,1707326917
348,isabela,6.7085,121.9711,25.28,84,57,1.42,PH,1707326918
349,fort-shevchenko,44.5086,50.263,6.17,84,100,6.55,KZ,1707326919
350,susuman,62.7833,148.1667,-33.34,100,98,0.89,RU,1707326919
351,belmonte,-15.8631,-38.8828,29.54,65,62,3.72,BR,1707326920
352,sirte,31.2089,16.5887,18.88,38,80,1.36,LY,1707326921
353,bengkulu,-3.8004,102.2655,24.74,89,100,1.61,ID,1707326922
354,chibougamau,49.9168,-74.3659,-2.21,86,100,4.12,CA,1707326922
355,shimoda,34.6667,138.95,4.5,68,83,2.07,JP,1707326923
356,hami,42.8,93.45,-2.17,48,100,1.51,CN,1707326924
357,nishinoomote,30.7333,131.0,12.75,62,100,9.35,JP,1707326925
358,vorgashor,67.5833,63.95,-9.81,89,100,4.21,RU,1707326925
359,hsinchu,24.8036,120.9686,15.48,96,100,2.68,TW,1707326926
360,pimentel,-6.8367,-79.9342,31.16,55,0,8.75,PE,1707326927
361,west bay,19.3667,-81.4167,25.04,44,20,5.14,KY,1707326928
362,humaita,-7.5061,-63.0208,35.73,45,43,1.25,BR,1707326928
363,kralendijk,12.15,-68.2667,29.99,70,75,4.12,BQ,1707326929
364,lethem,3.3803,-59.7968,36.31,34,38,4.59,GY,1707326930
365,san luis de la loma,17.2706,-100.8939,28.55,60,30,2.48,MX,1707326931
366,grevena,40.0845,21.4274,10.56,62,100,2.34,GR,1707326931
367,alpena,45.0617,-83.4327,8.14,72,0,2.06,US,1707326932
368,lautoka,-17.6167,177.4667,24.92,88,75,2.57,FJ,1707326933
369,carutapera,-1.195,-46.02,31.01,62,96,5.06,BR,1707326933
370,guerrero negro,27.9769,-114.0611,16.72,53,2,7.24,MX,1707326934
371,mangrol,21.1167,70.1167,23.45,51,31,5.75,IN,1707326935
372,gerash,27.6652,54.1371,11.08,32,0,2.31,IR,1707326936
373,yamada,39.4667,141.95,-0.76,83,35,1.81,JP,1707326937
374,castro,-24.7911,-50.0119,31.65,31,39,4.47,BR,1707326937
375,pedra azul,-16.0053,-41.2972,31.91,39,48,1.24,BR,1707326938
376,dolbeau-mistassini,48.8763,-72.212,-9.74,94,100,1.51,CA,1707326939
377,ust-tsilma,65.441,52.1498,-19.93,98,100,2.55,RU,1707326940
378,arno,60.1167,18.6333,-4.01,71,100,1.27,SE,1707326941
379,tezu,27.9167,96.1667,13.44,55,15,2.32,IN,1707326941
380,chonchi,-42.6128,-73.8092,17.56,38,38,2.01,CL,1707326942
381,antsiranana,-12.2787,49.2917,26.16,85,79,2.74,MG,1707326943
382,kitimat,54.0524,-128.6534,-1.16,77,31,1.29,CA,1707326944
383,dali,25.7,100.1833,5.53,85,0,2.83,CN,1707326944
384,calama,-22.4667,-68.9333,24.27,41,0,9.77,CL,1707326830
385,paulden,34.8856,-112.4682,4.25,89,98,1.79,US,1707326946
386,sao miguel do guama,-1.6267,-47.4833,30.81,69,80,2.91,BR,1707326777
387,bayanhongor,46.7167,100.1167,-26.02,74,24,1.64,MN,1707326947
388,laojunmiao,39.8333,97.7333,-7.4,55,0,1.13,CN,1707326948
389,labuan,5.2767,115.2417,25.2,94,20,0.0,MY,1707326949
390,kachug,53.9606,105.8817,-18.3,100,98,0.45,RU,1707326950
391,villamontes,-21.25,-63.5,35.69,46,40,0.0,BO,1707326768
392,poxoreo,-15.8372,-54.3892,30.9,54,83,2.7,BR,1707326951
393,malyye derbety,47.9547,44.6808,5.96,82,100,6.83,RU,1707326952
394,kirensk,57.7853,108.1119,-5.02,95,100,4.02,RU,1707326953
395,flin flon,54.7682,-101.865,-13.09,85,100,2.57,CA,1707326954
396,esmeraldas,-19.7625,-44.3139,30.17,70,100,2.12,BR,1707326954
397,palopo,-2.9996,120.1921,25.77,88,100,1.45,ID,1707326955
398,yanchep,-31.55,115.6833,24.23,33,0,3.6,AU,1707326956
399,cole harbour,44.6724,-63.4751,0.54,79,100,5.14,CA,1707326957
400,kyaikkami,16.08,97.5675,25.57,73,0,2.76,MM,1707326957
401,pont rouge,48.8833,-72.0825,-9.94,94,100,1.62,CA,1707326958
402,domanivka,47.6319,30.9885,10.3,58,12,6.6,UA,1707326959
403,beja,36.7256,9.1817,16.36,83,5,6.88,TN,1707326960
404,talnakh,69.4865,88.3972,-22.32,85,91,1.99,RU,1707326960
405,prince rupert,54.3161,-130.3201,1.83,93,100,4.63,CA,1707326711
406,kanel,15.4916,-13.1763,36.0,15,0,2.06,SN,1707326962
407,bethanie,-26.4833,17.15,31.66,19,91,5.98,NA,1707326963
408,dudinka,69.4058,86.1778,-22.15,98,94,1.93,RU,1707326964
409,mont-laurier,46.5501,-75.4993,-1.21,87,99,2.36,CA,1707326965
410,new norfolk,-42.7826,147.0587,15.72,93,72,0.62,AU,1707326966
411,bel ombre,-4.6167,55.4167,27.91,78,20,2.57,SC,1707326967
412,kayangel,8.0823,134.7173,27.14,75,98,8.82,PW,1707326967
413,lata,40.1629,-8.3327,17.73,67,91,3.48,PT,1707326968
414,boguchany,58.3814,97.4531,-15.08,100,87,0.89,RU,1707326969
415,trunovskoye,45.4878,42.1358,12.72,59,78,10.31,RU,1707326969
416,preobrazheniye,42.9019,133.9064,-7.59,57,0,2.75,RU,1707326970
417,ginir,7.1333,40.7,18.54,43,18,2.5,ET,1707326971
418,taoudenni,22.6783,-3.9836,26.56,8,5,4.98,ML,1707326973
419,byron bay,-28.65,153.6167,20.39,88,55,5.55,AU,1707326973
420,punta arenas,-53.15,-70.9167,13.06,50,40,16.98,CL,1707326854
421,tumayr,25.7039,45.868,14.15,24,0,3.77,SA,1707326975
422,tolanaro,-25.0319,46.9987,24.04,88,75,3.09,MG,1707326975
423,mil'kovo,55.6078,37.7956,-5.73,96,100,2.51,RU,1707326976
424,jishu,44.3167,126.8,-20.22,100,34,2.05,CN,1707326977
425,ternate,0.8,127.4,26.5,82,99,2.95,ID,1707326978
426,rondonopolis,-16.4708,-54.6356,35.73,39,98,2.15,BR,1707326978
427,alvear,-29.0968,-56.5504,34.61,42,32,1.31,AR,1707326979
428,devils lake,48.1128,-98.8651,-0.59,98,100,5.66,US,1707326980
429,san ignacio de velasco,-16.3667,-60.95,35.3,37,40,4.1,BO,1707326981
430,newcastle,-32.9272,151.7765,21.57,79,75,6.17,AU,1707326791
431,medina,24.4686,39.6142,24.24,16,0,6.69,SA,1707326683
432,kargasok,59.0556,80.8572,-6.69,97,100,3.13,RU,1707326983
433,illapel,-31.6308,-71.1653,30.31,45,0,4.26,CL,1707326886
434,petukhovo,55.0692,67.9019,-6.83,85,69,7.69,RU,1707326985
435,beira,-19.8436,34.8389,30.05,74,20,3.6,MZ,1707326985
436,alta,69.9689,23.2717,-14.41,66,75,5.14,NO,1707326986
437,polyarnyy,69.1989,33.4478,-23.2,100,86,3.2,RU,1707326987
438,selfoss,63.9331,-20.9971,-7.48,81,4,4.61,IS,1707326988
439,kanniyakumari,8.0833,77.5667,26.18,71,29,4.66,IN,1707326988
440,nizhniy ingash,56.2,96.53,-19.24,100,81,0.85,RU,1707326990
441,ippy,6.2679,21.2247,31.18,19,66,1.08,CF,1707326991
442,pozoblanco,38.3791,-4.8483,13.51,64,83,2.68,ES,1707326992
443,aripuana,-9.1667,-60.6333,36.03,41,40,1.18,BR,1707326993
444,puerto aysen,-45.4,-72.7,11.24,89,99,3.28,CL,1707326994
445,kindia,10.0569,-12.8658,36.08,11,42,1.07,GN,1707326995
446,skegness,53.1436,0.3363,5.75,80,100,1.7,GB,1707326995
447,sovetskoye,52.2861,85.4131,-4.62,89,54,2.31,RU,1707326996
448,etawa,24.1855,78.2031,16.29,37,81,4.52,IN,1707326997
449,saint-philippe,-21.3585,55.7679,26.77,88,93,5.73,RE,1707326998
450,kavaratti,10.5669,72.642,28.07,75,49,3.93,IN,1707326998
451,campoverde,-8.4753,-74.8058,28.83,74,78,2.1,PE,1707327000
452,zhangatas,43.5667,69.75,1.0,93,100,12.82,KZ,1707327001
453,artova,40.1158,36.3001,4.89,66,36,3.22,TR,1707327002
454,island harbour,50.724,-1.2758,7.34,95,100,1.42,GB,1707327003
455,pouso alegre,-22.23,-45.9364,27.09,64,100,1.19,BR,1707327004
456,bria,6.5423,21.9863,28.18,24,78,1.76,CF,1707327005
457,tubarjal,30.4999,38.216,13.72,50,0,2.56,SA,1707327006
458,cabo san lucas,22.8909,-109.9124,23.99,65,40,8.23,MX,1707326952
459,toliara,-23.35,43.6667,26.31,79,11,1.68,MG,1707327008
460,coahuayana de hidalgo,18.7,-103.6583,30.82,45,38,2.69,MX,1707327009
461,okhotsk,59.3833,143.3,-24.43,83,100,3.5,RU,1707327009
462,santa catalina,9.3337,122.8637,25.44,84,83,2.29,PH,1707327010
463,troitsk,54.0979,61.5773,-6.66,93,100,6.26,RU,1707327011
464,nikolayevsk-on-amure,53.1406,140.73,-23.01,99,73,1.27,RU,1707327012
465,melekeok village,7.4957,134.6367,27.31,83,75,3.6,PW,1707327012
466,crescent city,41.756,-124.2018,8.05,95,100,8.75,US,1707327013
467,sebin karahisar,40.2883,38.4236,-0.88,87,75,2.04,TR,1707327014
468,kuala belait,4.5833,114.1833,25.09,90,100,1.35,BN,1707327015
469,baltasi,56.3462,50.2062,-14.06,97,95,3.13,RU,1707327015
470,zabaykal'sk,49.6333,117.3167,-22.78,94,6,2.15,RU,1707327016
471,bryne,58.7354,5.6477,1.1,95,75,2.06,NO,1707327017
472,atherton,53.5237,-2.4935,5.72,76,100,0.88,GB,1707327018
473,kasongo,-4.45,26.6667,21.97,93,52,0.99,CD,1707327019
474,salat,37.84,40.8942,10.15,78,100,1.14,TR,1707327019
475,aldama,22.9167,-98.0667,23.22,43,6,4.95,MX,1707327020
476,tsumeb,-19.2333,17.7167,22.13,66,100,2.77,NA,1707327021
477,wotho,10.1657,166.0102,26.6,82,100,10.19,MH,1707327022
478,golfito,8.639,-83.166,31.24,57,11,2.41,CR,1707327023
479,biharamulo,-2.6319,31.3089,18.34,82,10,0.61,TZ,1707327024
480,siwa oasis,29.2041,25.5195,16.61,45,1,1.73,EG,1707327025
481,doctor alberto oviedo mota,32.2275,-115.1697,15.0,44,91,6.72,MX,1707327025
482,mhamid,29.82,-5.72,18.23,16,0,1.93,MA,1707327026
483,krivosheino,57.3431,83.9261,-8.5,92,99,2.69,RU,1707327027
484,berezovyy,51.6667,135.7,-18.34,99,100,0.28,RU,1707327028
485,palmer,42.1584,-72.3287,6.29,50,40,3.09,US,1707327030
486,sesheke,-17.4759,24.2968,21.22,84,85,2.48,ZM,1707327030
487,rongelap,11.1635,166.8941,26.28,82,97,9.56,MH,1707327031
488,necochea,-38.5473,-58.7368,28.04,61,100,5.65,AR,1707327033
489,saudarkrokur,65.7461,-19.6394,-7.44,75,61,2.41,IS,1707327034
490,manta,-0.95,-80.7333,28.88,83,75,6.71,EC,1707326789
491,dalaba,10.7,-12.25,29.47,12,40,2.89,GN,1707327036
492,port saint john's,-31.6229,29.5448,22.87,83,48,4.38,ZA,1707327037
493,aral,40.5156,81.2636,-1.1,62,100,3.74,CN,1707327037
494,lerwick,60.1545,-1.1494,2.0,56,60,6.84,GB,1707327038
495,greymouth,-42.4667,171.2,15.99,97,100,1.1,NZ,1707327039
496,caazapa,-26.15,-56.4,37.0,29,62,1.87,PY,1707327040
497,moisei,47.6556,24.5401,5.71,94,100,5.1,RO,1707327041
498,puttalam,8.0362,79.8283,23.48,82,39,5.71,LK,1707327042
499,vilyuysk,63.7553,121.6247,-36.67,100,92,1.34,RU,1707327043
500,hoemul-li,41.4339,129.67,-4.35,70,4,1.93,KP,1707327043
501,linden,6.0,-58.3,36.32,33,39,2.61,GY,1707327044
502,nadym,65.5333,72.5167,-1.54,93,100,6.68,RU,1707327045
503,mount isa,-20.7333,139.5,27.87,42,92,5.66,AU,1707327046
504,santander,43.4647,-3.8044,16.62,55,20,5.66,ES,1707326859
505,conceicao do araguaia,-8.2578,-49.2647,33.71,49,54,1.2,BR,1707327047
506,nampa,43.5407,-116.5635,7.12,76,0,5.66,US,1707326920
507,tynda,55.1667,124.7167,-25.11,99,86,1.3,RU,1707327049
508,boundiali,9.5217,-6.4869,33.48,12,3,2.88,CI,1707327050
509,newnham,-41.3833,147.1333,11.53,87,32,0.0,AU,1707327050
510,gokwe,-18.2048,28.9349,20.36,69,98,1.05,ZW,1707327051
511,vavuniya,8.7514,80.4971,20.69,93,21,1.2,LK,1707327022
512,san antonio de pale,-1.4014,5.6325,28.62,72,46,2.33,GQ,1707327052
513,kambove,-10.8764,26.5969,17.04,97,77,1.41,CD,1707327053
514,ta`u,-14.2336,-169.5144,28.38,83,100,10.79,AS,1707327054
515,aykhal,66.0,111.5,-29.94,100,46,1.33,RU,1707327055
516,port douglas,-16.4833,145.4667,26.39,80,94,1.36,AU,1707327055
517,mar del plata,-38.0023,-57.5575,28.01,76,0,4.63,AR,1707326895
518,gumel,12.6279,9.3912,24.29,15,98,4.42,NG,1707327057
519,umm kaddadah,13.6017,26.6876,19.24,18,55,5.58,SD,1707327057
520,ephrata,40.1798,-76.1788,7.79,54,0,1.79,US,1707326972
521,itoman,26.1247,127.6694,17.43,94,100,8.23,JP,1707327059
522,gadzhiyevo,69.2551,33.3362,-24.54,100,94,3.06,RU,1707327060
523,porto murtinho,-21.6989,-57.8825,33.55,50,100,1.73,BR,1707327061
524,kulhudhuffushi,6.6221,73.07,27.29,71,6,2.76,MV,1707327061
525,coaldale,49.7167,-112.6185,-6.18,93,100,2.06,CA,1707327062
526,thaba-tseka,-29.522,28.6084,18.36,43,55,4.32,LS,1707327063
527,rabaul,-4.1967,152.1721,26.58,83,100,4.07,PG,1707327064
528,tambacounda,13.7539,-13.7586,39.03,12,0,3.09,SN,1707327064
529,karratha,-20.7377,116.8463,29.33,51,80,3.63,AU,1707327065
530,myeik,12.4333,98.6,23.64,68,0,1.88,MM,1707327066
531,och'amch'ire,42.7123,41.4686,9.92,70,100,2.87,GE,1707327067
532,antalaha,-14.9003,50.2788,25.14,91,83,1.11,MG,1707327068
533,fortuna,40.5982,-124.1573,7.59,96,100,1.79,US,1707327069
534,yeniseysk,58.4497,92.1703,-18.92,100,85,0.89,RU,1707327069
535,grants pass,42.439,-123.3284,4.87,93,100,2.57,US,1707327022
536,nuuk,64.1835,-51.7216,-2.66,86,100,29.84,GL,1707327071
537,balikpapan,-1.2675,116.8289,24.52,91,100,0.81,ID,1707327072
538,cabedelo,-6.9811,-34.8339,32.37,67,76,5.19,BR,1707327072
539,sosnovo-ozerskoye,52.5249,111.5418,-21.5,100,97,1.96,RU,1707327073
540,pauini,-7.7136,-66.9764,28.73,78,89,1.39,BR,1707327074
541,novodvinsk,64.4165,40.8122,-24.01,100,42,1.28,RU,1707327075
542,inhambane,-23.865,35.3833,26.99,78,20,3.09,MZ,1707327075
543,zhalantun,48.0,122.7167,-19.3,89,5,3.41,CN,1707327076
544,muroto-misakicho,33.2833,134.15,8.65,76,99,7.03,JP,1707327077
545,beloyarskiy,63.7119,66.6722,0.0,95,99,3.58,RU,1707327078
546,kapa'a,22.0752,-159.319,23.18,74,100,7.72,US,1707327079
547,sinjar,36.3209,41.8754,11.42,73,75,1.3,IQ,1707327079
548,nueva gerona,21.8833,-82.8,21.84,50,0,5.79,CU,1707327080
549,firuzabad,28.8438,52.5707,7.14,57,0,0.78,IR,1707327082
550,arkhangel'sk,64.5401,40.5433,-23.82,75,20,0.0,RU,1707327082
551,jianguang,28.1938,115.7836,2.49,98,100,2.06,CN,1707327083
552,khonsa,27.0167,95.5667,9.47,87,48,1.29,IN,1707327084
553,ipojuca,-8.3989,-35.0639,31.95,57,85,4.85,BR,1707327085
554,yuzhno-kurilsk,44.0306,145.8556,-8.68,86,38,1.75,RU,1707327086
555,burutu,5.3509,5.5076,28.41,54,13,4.46,NG,1707327087
556,aoulef,26.9667,1.0833,20.5,13,30,2.33,DZ,1707327088
557,gumdag,39.2061,54.5906,9.87,48,24,1.47,TM,1707327089
558,guiuan,11.0333,125.7247,26.86,78,79,5.65,PH,1707326840
559,hilo,19.7297,-155.09,20.34,92,75,3.6,US,1707326974
560,la passe,45.5549,-0.8967,11.13,92,100,9.74,FR,1707327092
561,ha'il,27.5219,41.6907,14.01,28,0,2.06,SA,1707327093
562,dzhetygara,52.1908,61.2006,-8.69,88,100,10.22,KZ,1707327094
563,nizhneudinsk,54.9076,99.0276,-17.82,97,64,1.07,RU,1707327095
564,mukalla,14.5425,49.1242,23.77,72,2,3.09,YE,1707327096
565,gaalkacyo,6.7697,47.4308,25.39,61,28,8.74,SO,1707327097
566,ilhabela,-23.7781,-45.3581,27.42,76,95,2.22,BR,1707327097
567,mazagao,-0.115,-51.2894,33.03,54,69,3.7,BR,1707327098
568,bontang,0.1333,117.5,25.3,88,100,0.86,ID,1707327099
569,mili,6.0815,171.735,27.77,74,93,10.37,MH,1707327100
